;resistance_index;inlet_index;outlet_index;resistance
0;1;1;4;2.1812153942120126e-05
1;2;1;10;1.514223639494755e-05
2;3;9;10;4.006259179438245e-05
3;4;6;9;7.314395079301545e-05
4;5;6;7;6.334451951991032e-05
5;6;7;8;6.677098632397074e-05
6;7;8;9;0.00010015647948595612
7;8;3;5;5.665706065943272e-05
8;9;5;6;3.385906991047408e-05
9;10;5;11;3.5137217407487106e-05
10;11;4;5;2.3130148156920797e-05
11;12;2;4;4.402638373765933e-05
12;13;11;12;7.314395079301545e-05
13;14;11;13;7.85692066633301e-05
